-- phpMyAdmin SQL Dump
-- version 4.7.4
-- https://www.phpmyadmin.net/
--
-- Host: 127.0.0.1
-- Generation Time: Mar 11, 2021 at 06:40 PM
-- Server version: 10.1.30-MariaDB
-- PHP Version: 7.2.1

SET SQL_MODE = "NO_AUTO_VALUE_ON_ZERO";
SET AUTOCOMMIT = 0;
START TRANSACTION;
SET time_zone = "+00:00";


/*!40101 SET @OLD_CHARACTER_SET_CLIENT=@@CHARACTER_SET_CLIENT */;
/*!40101 SET @OLD_CHARACTER_SET_RESULTS=@@CHARACTER_SET_RESULTS */;
/*!40101 SET @OLD_COLLATION_CONNECTION=@@COLLATION_CONNECTION */;
/*!40101 SET NAMES utf8mb4 */;

--
-- Database: `nextcms`
--

-- --------------------------------------------------------

--
-- Table structure for table `t_category`
--

CREATE TABLE `t_category` (
  `id` int(7) NOT NULL,
  `category` varchar(100) NOT NULL,
  `color` varchar(50) DEFAULT NULL,
  `status` int(1) DEFAULT '1'
) ENGINE=InnoDB DEFAULT CHARSET=latin1;

--
-- Dumping data for table `t_category`
--

INSERT INTO `t_category` (`id`, `category`, `color`, `status`) VALUES
(1, 'News', 'fashion', 1),
(2, 'Drama', 'fashion', 1),
(3, 'Celebrity', 'fashion', 1),
(4, 'Film', 'fashion', 1),
(5, 'Music', 'fashion', 1);

-- --------------------------------------------------------

--
-- Table structure for table `t_image`
--

CREATE TABLE `t_image` (
  `id` int(1) NOT NULL,
  `postid` int(5) NOT NULL,
  `path` varchar(100) NOT NULL,
  `title_image` varchar(100) DEFAULT NULL,
  `imagename` varchar(100) NOT NULL,
  `size` varchar(100) DEFAULT 'NULL'
) ENGINE=InnoDB DEFAULT CHARSET=latin1;

--
-- Dumping data for table `t_image`
--

INSERT INTO `t_image` (`id`, `postid`, `path`, `title_image`, `imagename`, `size`) VALUES
(10, 10, 'assets/images/posts', '20210311090147.png', '20210311090147.png', '228734'),
(11, 11, 'assets/images/posts', '20210311090310.png', '20210311090310.png', '182189'),
(12, 12, 'assets/images/posts', '20210311090422.png', '20210311090422.png', '183924'),
(13, 13, 'assets/images/posts', '20210311090724.png', '20210311090724.png', '111462'),
(14, 14, 'assets/images/posts', '20210311090834.png', '20210311090834.png', '141465'),
(20, 20, 'assets/images/posts', '20210311101140.png', '20210311101140.png', '145048'),
(21, 21, 'assets/images/posts', '20210311102424.png', '20210311102424.png', '75089'),
(22, 22, 'assets/images/posts', '20210311102732.png', '20210311102732.png', '93320'),
(23, 23, 'assets/images/posts', '20210311102937.png', '20210311102937.png', '104290'),
(24, 24, 'assets/images/posts', '20210311103209.png', '20210311103209.png', '257845'),
(25, 25, 'assets/images/posts', '20210311104155.png', '20210311104155.png', '43443'),
(26, 26, 'assets/images/posts', '20210311104444.png', '20210311104444.png', '193365'),
(27, 27, 'assets/images/posts', '20210311104735.png', '20210311104735.png', '172733'),
(28, 28, 'assets/images/posts', '20210311104939.png', '20210311104939.png', '225910'),
(29, 29, 'assets/images/posts', '20210311105507.png', '20210311105507.png', '147833'),
(30, 30, 'assets/images/posts', '20210311111228.png', '20210311111228.png', '120654'),
(31, 31, 'assets/images/posts', '20210311111438.png', '20210311111438.png', '130002'),
(32, 32, 'assets/images/posts', '20210311111609.png', '20210311111609.png', '244754'),
(33, 33, 'assets/images/posts', '20210311112328.png', '20210311112328.png', '156132'),
(34, 34, 'assets/images/posts', '20210311112740.png', '20210311112740.png', '171893'),
(35, 35, 'assets/images/posts', '20210311113443.png', '20210311113443.png', '65883'),
(36, 36, 'assets/images/posts', '20210311113739.png', '20210311113739.png', '107532'),
(37, 37, 'assets/images/posts', '20210311113856.png', '20210311113856.png', '255402'),
(38, 38, 'assets/images/posts', '20210311114005.png', '20210311114005.png', '84544'),
(39, 39, 'assets/images/posts', '20210311114123.png', '20210311114123.png', '161631');

-- --------------------------------------------------------

--
-- Table structure for table `t_posts`
--

CREATE TABLE `t_posts` (
  `id` int(5) NOT NULL,
  `title` text NOT NULL,
  `slug` varchar(100) NOT NULL,
  `body` text NOT NULL,
  `description` text NOT NULL,
  `seo` int(5) DEFAULT NULL,
  `create_by` varchar(100) NOT NULL,
  `time_create` datetime NOT NULL,
  `category` int(5) DEFAULT NULL,
  `ontopnews` int(1) DEFAULT '0',
  `topseries` int(1) DEFAULT '0',
  `world` int(1) DEFAULT '1',
  `featuredpost` int(1) DEFAULT '0',
  `fpost` int(1) DEFAULT '0',
  `gallery` int(1) DEFAULT '0',
  `fcson` int(1) DEFAULT '0',
  `lifestyle` int(1) DEFAULT '0',
  `status` int(1) NOT NULL DEFAULT '1'
) ENGINE=InnoDB DEFAULT CHARSET=latin1;

--
-- Dumping data for table `t_posts`
--

INSERT INTO `t_posts` (`id`, `title`, `slug`, `body`, `description`, `seo`, `create_by`, `time_create`, `category`, `ontopnews`, `topseries`, `world`, `featuredpost`, `fpost`, `gallery`, `fcson`, `lifestyle`, `status`) VALUES
(10, 'Fans Korea IZ*ONE Minta Kontrak Grup Diperpanjang Dan Ancam Akan Boikot', 'Fans-Korea-IZONE-Minta-Kontrak-Grup-Diperpanjang-Dan-Ancam-Akan-Boikot', '<h2>WYSIWYG Editor</h2>\r\n\r\n<p>Lorem ipsum dolor sit amet, consectetur adipiscing elit. Aliquam ullamcorper sapien non nisl facilisis bibendum in quis tellus. Duis in urna bibendum turpis pretium fringilla. Aenean neque velit, porta eget mattis ac, imperdiet quis nisi. Donec non dui et tortor vulputate luctus. Praesent consequat rhoncus velit, ut molestie arcu venenatis sodales.</p>\r\n\r\n<h3>Lacinia</h3>\r\n\r\n<ul>\r\n	<li>Suspendisse tincidunt urna ut velit ullamcorper fermentum.</li>\r\n	<li>Nullam mattis sodales lacus, in gravida sem auctor at.</li>\r\n	<li>Praesent non lacinia mi.</li>\r\n	<li>Mauris a ante neque.</li>\r\n	<li>Aenean ut magna lobortis nunc feugiat sagittis.</li>\r\n</ul>\r\n\r\n<h3>Pellentesque adipiscing</h3>\r\n\r\n<p>Maecenas quis ante ante. Nunc adipiscing rhoncus rutrum. Pellentesque adipiscing urna mi, ut tempus lacus ultrices ac. Pellentesque sodales, libero et mollis interdum, dui odio vestibulum dolor, eu pellentesque nisl nibh quis nunc. Sed porttitor leo adipiscing venenatis vehicula. Aenean quis viverra enim. Praesent porttitor ut ipsum id ornare.</p>\r\n', 'Penggemar Korea Dari Platform Sosial Populer DC Gallery, Misalnya, Telah Mengirimkan Truk Protes Ke CJ ENM.', 1, 'Kscoop', '2021-03-11 04:08:00', 1, 0, 0, 1, 0, 0, 0, 0, 0, 1),
(11, 'Jang Won Young IZ*ONE Disebut Mirip Lim Joo Kyung \'True Beauty\' Saking Cantiknya', 'Jang-Won-Young-IZONE-Disebut-Mirip-Lim-Joo-Kyung-\'True Beauty\'-Saking-Cantiknya', '<h2>WYSIWYG Editor</h2>\r\n\r\n<p>Lorem ipsum dolor sit amet, consectetur adipiscing elit. Aliquam ullamcorper sapien non nisl facilisis bibendum in quis tellus. Duis in urna bibendum turpis pretium fringilla. Aenean neque velit, porta eget mattis ac, imperdiet quis nisi. Donec non dui et tortor vulputate luctus. Praesent consequat rhoncus velit, ut molestie arcu venenatis sodales.</p>\r\n\r\n<h3>Lacinia</h3>\r\n\r\n<ul>\r\n	<li>Suspendisse tincidunt urna ut velit ullamcorper fermentum.</li>\r\n	<li>Nullam mattis sodales lacus, in gravida sem auctor at.</li>\r\n	<li>Praesent non lacinia mi.</li>\r\n	<li>Mauris a ante neque.</li>\r\n	<li>Aenean ut magna lobortis nunc feugiat sagittis.</li>\r\n</ul>\r\n\r\n<h3>Pellentesque adipiscing</h3>\r\n\r\n<p>Maecenas quis ante ante. Nunc adipiscing rhoncus rutrum. Pellentesque adipiscing urna mi, ut tempus lacus ultrices ac. Pellentesque sodales, libero et mollis interdum, dui odio vestibulum dolor, eu pellentesque nisl nibh quis nunc. Sed porttitor leo adipiscing venenatis vehicula. Aenean quis viverra enim. Praesent porttitor ut ipsum id ornare.</p>\r\n', 'Membandingkan Jang Won Young Dengan Lim Joo Kyung Dari Webtoon \'True Beauty\', ', 1, 'Kscoop', '2021-03-11 04:08:00', 1, 1, 0, 1, 0, 0, 0, 0, 0, 1),
(12, 'Miyawaki Sakura Dikabarkan Bakal Gabung Agensi BTS Usai IZ*ONE Bubar, Ini Kata Big Hit', 'Miyawaki-Sakura-Dikabarkan-Bakal-Gabung-Agensi-BTS-Usai-IZONE-Bubar-Ini-Kata-Big-Hit', '<h2>WYSIWYG Editor</h2>\r\n\r\n<p>Lorem ipsum dolor sit amet, consectetur adipiscing elit. Aliquam ullamcorper sapien non nisl facilisis bibendum in quis tellus. Duis in urna bibendum turpis pretium fringilla. Aenean neque velit, porta eget mattis ac, imperdiet quis nisi. Donec non dui et tortor vulputate luctus. Praesent consequat rhoncus velit, ut molestie arcu venenatis sodales.</p>\r\n\r\n<h3>Lacinia</h3>\r\n\r\n<ul>\r\n	<li>Suspendisse tincidunt urna ut velit ullamcorper fermentum.</li>\r\n	<li>Nullam mattis sodales lacus, in gravida sem auctor at.</li>\r\n	<li>Praesent non lacinia mi.</li>\r\n	<li>Mauris a ante neque.</li>\r\n	<li>Aenean ut magna lobortis nunc feugiat sagittis.</li>\r\n</ul>\r\n\r\n<h3>Pellentesque adipiscing</h3>\r\n\r\n<p>Maecenas quis ante ante. Nunc adipiscing rhoncus rutrum. Pellentesque adipiscing urna mi, ut tempus lacus ultrices ac. Pellentesque sodales, libero et mollis interdum, dui odio vestibulum dolor, eu pellentesque nisl nibh quis nunc. Sed porttitor leo adipiscing venenatis vehicula. Aenean quis viverra enim. Praesent porttitor ut ipsum id ornare.</p>\r\n', 'Miyawaki Sakura Telah Memutuskan Untuk Bergabung Dengan Big Hit Entertainment. Laporan Ini Mendapat Tanggapan Dari Agensi BTS Itu', 1, 'Kscoop', '2021-03-11 04:05:00', 1, 1, 0, 1, 0, 0, 1, 0, 1, 1),
(13, 'Ryujin Dan Chaeryeong ITZY Ungkap Alasan Dekat Dengan Satu Sama Lain, Akui Punya Kesamaan Ini', 'Ryujin-Dan-Chaeryeong-ITZY-Ungkap-Alasan-Dekat-Dengan-Satu-Sama-Lain-Akui-Punya-Kesamaan-Ini', '<h2>WYSIWYG Editor</h2>\r\n\r\n<p>Lorem ipsum dolor sit amet, consectetur adipiscing elit. Aliquam ullamcorper sapien non nisl facilisis bibendum in quis tellus. Duis in urna bibendum turpis pretium fringilla. Aenean neque velit, porta eget mattis ac, imperdiet quis nisi. Donec non dui et tortor vulputate luctus. Praesent consequat rhoncus velit, ut molestie arcu venenatis sodales.</p>\r\n\r\n<h3>Lacinia</h3>\r\n\r\n<ul>\r\n	<li>Suspendisse tincidunt urna ut velit ullamcorper fermentum.</li>\r\n	<li>Nullam mattis sodales lacus, in gravida sem auctor at.</li>\r\n	<li>Praesent non lacinia mi.</li>\r\n	<li>Mauris a ante neque.</li>\r\n	<li>Aenean ut magna lobortis nunc feugiat sagittis.</li>\r\n</ul>\r\n\r\n<h3>Pellentesque adipiscing</h3>\r\n\r\n<p>Maecenas quis ante ante. Nunc adipiscing rhoncus rutrum. Pellentesque adipiscing urna mi, ut tempus lacus ultrices ac. Pellentesque sodales, libero et mollis interdum, dui odio vestibulum dolor, eu pellentesque nisl nibh quis nunc. Sed porttitor leo adipiscing venenatis vehicula. Aenean quis viverra enim. Praesent porttitor ut ipsum id ornare.</p>\r\n', 'Ryujin Dan Chaeryeong Adalah Dua Member Berikutnya Yang Akan Dipasangkan, Dan Mereka Memperkenalkan Diri Mereka Sebagai \'01\'', 1, 'Kscoop', '2021-03-11 04:08:00', 1, 0, 0, 1, 0, 0, 0, 0, 1, 1),
(14, 'CHIIPER Buat Fans Makin Antusias Dengan Rilis Teaser Medley Untuk Album Debut \'An Ggulyeo\'', 'CHIIPER-Buat-Fans-Makin-Antusias-Dengan-Rilis-Teaser-Medley-Untuk-Album-Debut-AnGgulyeo', '<h2>WYSIWYG Editor</h2>\r\n\r\n<p>Lorem ipsum dolor sit amet, consectetur adipiscing elit. Aliquam ullamcorper sapien non nisl facilisis bibendum in quis tellus. Duis in urna bibendum turpis pretium fringilla. Aenean neque velit, porta eget mattis ac, imperdiet quis nisi. Donec non dui et tortor vulputate luctus. Praesent consequat rhoncus velit, ut molestie arcu venenatis sodales.</p>\r\n\r\n<h3>Lacinia</h3>\r\n\r\n<ul>\r\n	<li>Suspendisse tincidunt urna ut velit ullamcorper fermentum.</li>\r\n	<li>Nullam mattis sodales lacus, in gravida sem auctor at.</li>\r\n	<li>Praesent non lacinia mi.</li>\r\n	<li>Mauris a ante neque.</li>\r\n	<li>Aenean ut magna lobortis nunc feugiat sagittis.</li>\r\n</ul>\r\n\r\n<h3>Pellentesque adipiscing</h3>\r\n\r\n<p>Maecenas quis ante ante. Nunc adipiscing rhoncus rutrum. Pellentesque adipiscing urna mi, ut tempus lacus ultrices ac. Pellentesque sodales, libero et mollis interdum, dui odio vestibulum dolor, eu pellentesque nisl nibh quis nunc. Sed porttitor leo adipiscing venenatis vehicula. Aenean quis viverra enim. Praesent porttitor ut ipsum id ornare.</p>\r\n', 'Album Tersebut Akan Menampilkan Total Lima Lagu, Termasuk Satu Lagu Dengan Judul Yang Sama.', 1, 'Kscoop', '2021-03-11 03:08:00', 1, 1, 1, 1, 0, 0, 0, 0, 0, 1),
(20, 'Suga Beberkan Apa Yang Akan Dilakukan BTS Jika Berhasil Menangkan Penghargaan Di Grammy', 'Suga-Beberkan-Apa-Yang-Akan-Dilakukan-BTS-Jika-Berhasil-Menangkan-Penghargaan-Di-Grammy', '<p><strong>Kscoop - </strong>Setelah menerima nominasi, BTS (<strong><a href=\"https://www.wowkeren.com/seleb/bangtan_boys/\">Bangtan Boys</a></strong>), mereka akan segera tampil di The 63rd GRAMMY Awards untuk pertama kalinya. Karena ada kemungkinan mereka bisa membawa pulang penghargaan, <strong><a href=\"https://www.wowkeren.com/seleb/suga/\">Suga</a></strong> membeberkan jenis perayaan yang bakal dilakukan para member jika menang.</p>\r\n\r\n<p>Selama wawancara grup di &quot;<strong>News9</strong>&quot;, pembawa acara bertanya kepada para member, &quot;Apa yang ingin kalian lakukan setelah tampil dan memenangkan GRAMMY?&quot; Untuk pertanyaan ini, Suga sudah punya ide dalam pikirannya.</p>\r\n\r\n<p>Suga berbagi bahwa itu akan mirip dengan bagaimana mereka merayakan kemenangan mereka di masa lalu. Ia berkata, &quot;Sama seperti yang kami lakukan setelah memenangkan (penghargaan) Billboard dan setelah American Music Awards.&quot;</p>\r\n\r\n<p>Menyelami detailnya, Suga mengungkapkan bahwa mereka akan membuatnya tetap singkat dan manis dengan makan dan istirahat dengan susah payah. Dia tertawa sambil berkata, &quot;Kami makan bersama dan pergi tidur lebih awal karena kami sangat lelah. Aku pikir kami akan melakukan hal yang sama.&quot;</p>\r\n\r\n<p><strong><a href=\"https://www.wowkeren.com/seleb/jimin_bts/\">Jimin BTS</a></strong>&nbsp;setuju dan mencatat bahwa mereka tidak melakukan sesuatu yang berlebihan. Dia berkata, &quot;Dan kami juga sangat sederhana.&quot;</p>\r\n\r\n<p><strong><a href=\"https://www.wowkeren.com/seleb/jungkook/\">Jungkook</a></strong>&nbsp;kemudian menunjukkan bagaimana pencapaian mereka tidak menghentikan mereka untuk terus berkembang. Dia berkata, &quot;Kami melakukan satu siaran langsung pada hari lagu kami menduduki puncak Billboard dan kembali berlatih. Sebenarnya tidak ada yang istimewa.&quot;</p>\r\n\r\n<p>Karena acaranya berlangsung pagi-pagi sekali di zona waktu Korea, BTS mengungkapkan bahwa mereka akan berbagi pelukan dan anggur saat mereka menonton. Jika mereka membawa pulang kemenangan, itu pasti akan membuat makanan mereka terasa lebih enak.</p>\r\n', 'Selama Wawancara Grup Di \'News9\', Pembawa Acara Bertanya Apa Yang Ingin Para Member Lakukan', 1, 'Kscoop', '2021-03-11 04:20:00', 3, 0, 0, 1, 0, 1, 1, 0, 0, 1),
(21, 'Soojin (G)I-DLE Ketemu Langsung Dengan Terduga Korban Bullying, Masih Bantah Tuduhan', 'Soojin-G-I-DLE-Ketemu-Langsung-Dengan-Terduga-Korban-Bullying-Masih-Bantah-Tuduhan', '<p><strong>Kscoop</strong>- Kontroversi bullying atau perundungan di sekolah yang melilit&nbsp;<strong><a href=\"https://www.wowkeren.com/seleb/soojin/\">Soojin</a></strong>&nbsp;<strong><a href=\"https://www.wowkeren.com/seleb/_g_i_dle/\">(G)I-DLE</a></strong>&nbsp;masih belum usai. Baru-baru ini, idol cantik tersebut dikabarkan telah bertemu langsung dengan pihak yang menuduhnya telah melakukan perundungan.</p>\r\n\r\n<p>Hari ini, Kamis (11/3), dilaporkan bahwa Soojin secara pribadi telah bertemu dengan terduga korban tuduhan perundungan di sekolah. Pelantun &quot;HWAA&quot; tersebut kabarnya bercakap-cakap dengan korban selama sekitar satu jam.</p>\r\n\r\n<p>Menurut terduga korban, Soojin mengaku tidak ingat apa yang terjadi di masa lalu. Korban menjelaskan masalahnya secara mendetail dan mengungkapkan rasa frustrasinya kepada Soojin yang masih tidak mengakui tuduhan yang diarahkan kepadanya.</p>\r\n\r\n<p>Kepada Soojin, terduga korban berkata, &quot;Kalau kamu akan seperti ini, kenapa kamu meminta untuk bertemu?&quot; Di sisi lain, Soojin menjawab bahwa dia tidak pernah menjadi pelaku perundungan terhadap teman-temannya.</p>\r\n\r\n<p>Saudari korban mengungkapkan ke outlet media bahwa korban mengumpulkan keberanian besar untuk bertemu dengan Soojin. Namun, pertemuan itu tidak meyakinkan. Mereka berbagi bahwa mereka akan memikirkan untuk melanjutkan dengan metode lain bersama dengan korban lain yang dilaporkan.</p>\r\n\r\n<p>Pada 4 Maret 2021, CUBE Entertainment telah merilis pernyataan bahwa Soojin akan menghentikan semua kegiatan promosinya. Namun, banyak yang masih merasa tidak senang dengan keputusan agensi tersebut.</p>\r\n\r\n<p>Dalam pernyataannya, CUBE berkata, &quot;Kami telah mengusulkan pertemuan tatap muka antara penulis posting dan kami untuk memeriksa fakta secara jelas, tetapi pihak-pihak yang terlibat menyatakan bahwa mereka tidak ingin bertemu. Namun, jika pihak terkait ingin bertemu di masa mendatang, kami akan mengatur pertemuan kapan saja.&quot;</p>\r\n\r\n<p>CUBE Entertainment sendiri belum merilis pernyataan tentang pertemuan Soojin dengan korban hari ini. Sementara itu, brand yang menunjuk Soojin sebagai model iklan mulai menghapusnya dari konten-konten promosi.</p>\r\n', 'ilaporkan Bahwa Soojin Secara Pribadi Telah Bertemu Dengan Terduga Korban Tuduhan Perundungan. ', 1, 'Kscoop', '2021-03-11 04:24:00', 3, 0, 0, 1, 0, 0, 0, 0, 0, 1),
(22, 'Rain Ungkap Pengalaman Pertama Bertemu Dan Alasan Kim Tae Hee Belum Ambil Proyek Akting Lagi', 'Rain-Ungkap-Pengalaman-Pertama-Bertemu-Dan-Alasan-Kim-Tae-Hee-Belum-Ambil-Proyek-Akting Lagi', '<p><strong>Kscoop</strong>- Kehidupan rumah tangga pasangan&nbsp;<strong><a href=\"https://www.wowkeren.com/seleb/rain/\">Rain</a></strong>&nbsp;dan&nbsp;<strong><a href=\"https://www.wowkeren.com/seleb/kim_tae_hee/\">Kim Tae Hee</a></strong>&nbsp;dikenal jauh dari gosip meski keduanya tetap aktif di dunia hiburan. Baru-baru ini, Rain tampil di acara TV membicarakan karier sang istri di dunia akting.</p>\r\n\r\n<p>Rain menjadi bintang tamu di acara &quot;<strong>Soomi&#39;s Lodge</strong>&quot; yang ditayangkan SkyTV dan dipandu oleh aktris&nbsp;<strong>Kim Soomi</strong>. Di sini, penyanyi sekaligus aktor itu bercakap-cakap dengan Kim Soomi tentang istrinya, Kim Tae Hee.</p>\r\n\r\n<p>Saat mereka memasak ikan bersama, Kim Soomi bertanya bagaimana Rain pertama kali bertemu Kim Tae Hee. &quot;Kami pertama kali bertemu saat syuting iklan bersama. Dia cantik,&quot; kata Rain. Tapi pesona Kim Tae Hee tidak berhenti sampai di situ.</p>\r\n\r\n<p>&quot;Dari sikapnya, Anda bisa melihat betapa perhatiannya dia kepada staf. Itu semua sangat baru bagiku, melihatnya memberikan kotak makan siang kepada staf terlebih dahulu,&quot; puji Rain, mengenang sikap hangat istrinya.</p>\r\n\r\n<p>Rain juga mengakui bahwa dia membuat langkah pendekatan pertama dengan meminta Kim Tae Hee untuk bertemu dengannya. Keduanya pun menjalin hubungan asmara selama beberapa tahun sebelum akhirnya memutuskan untuk menikah.</p>\r\n\r\n<p>Kim Soomi melanjutkan dengan menanyakan apakah alasan Kim Tae Hee tidak bekerja adalah karena anak-anak. &quot;Tidak, dia akan bekerja jika dia menemukan proyek yang tepat. Aku selalu menyarankan agar dia bekerja,&quot; kata Rain.</p>\r\n\r\n<p>Kim Soomi mengungkapkan bahwa dia juga terus berakting saat hamil. &quot;Aku juga berperan sebagai ibu hamil sampai aku hamil sembilan bulan. Aku kemudian kembali berakting satu bulan setelah melahirkan,&quot; kata Kim Soomi.</p>\r\n', 'Rain Menjadi Bintang Tamu Di Acara \'Soomi\'s Lodge\' Yang Dipandu Oleh Aktris Kim Soomi.', 1, 'Kscoop', '2021-03-11 04:27:00', 3, 1, 0, 1, 0, 0, 0, 0, 0, 1),
(23, 'Son Ye Jin Terang-Terangan Tunjukkan Cinta Ke Hyun Bin Dengan Cara Manis Ini', 'Son-Ye-Jin-Terang-Terangan-Tunjukkan-Cinta-Ke-Hyun-Bin-Dengan-Cara-Manis-Ini', '<p><strong>Kscoop</strong>- Pasangan&nbsp;<strong><a href=\"https://www.wowkeren.com/seleb/hyun_bin/\">Hyun Bin</a></strong>&nbsp;dan&nbsp;<strong><a href=\"https://www.wowkeren.com/seleb/son_ye_jin/\">Son Ye Jin</a></strong>&nbsp;mengonfirmasi hubungan mereka awal tahun ini setelah sebelumnya sempat digosipkan. Baru-baru ini, Son Ye Jin mendapatkan perhatian atas cinta yang ditunjukkannya kepada sang kekasih di media sosial.</p>\r\n\r\n<p>Pada Rabu (10/3), netizen memperhatikan Son Ye Jin mengklik &#39;Like&#39; di banyak postingan Instagram yang berbeda. Postingan yang disukai aktris tersebut adalah foto-foto Hyun Bin yang diposting oleh para penggemarnya.</p>\r\n\r\n<p>Sebagian besar postingan adalah penggemar yang mendoakan keduanya yang terbaik dan mendukung cinta mereka. Saat berita menyebar bahwa Son Ye Jin menyukai postingan penggemar, penggemar internasional mulai membuat meme yang meminta Son Ye Jin untuk menyukai postingan mereka juga.</p>\r\n\r\n<p>Sesuai permintaan mereka, Son Ye Jin juga me-Like meme-meme lucu yang menampilkan wajah Hyun Bin. Netizen Korea membagikan tangkapan layar dari postingan-postingan yang di-Like oleh Son Ye Jin di komunitas online.</p>\r\n\r\n<p>&quot;Kamu sangat imut sehingga kamu juga mengklik &#39;like&#39; pada postingan penggemar,&quot; komentar netizen. &quot;Son Ye Jin sangat cantik,&quot; kata netizen lainnya. dan &quot;Postingan ini sangat lucu, mereka pasti sangat senang Son Ye Jin menyukai postingan mereka,&quot; imbuh yang lain.</p>\r\n\r\n<p>Son Ye Jin pertama kali membuka akun Instagram pada 2015 dan secara konsisten berkomunikasi dengan penggemarnya dan terus memperbaruinya melalui media sosial sejak saat itu. Secara khusus, interaksi Son Ye Jin dengan penggemar telah mendapatkan perhatian saat dia menulis di Instagram-nya setelah pengumuman kencannya dengan Hyun Bin.</p>\r\n\r\n<p>Dalam postingannya, Son Ye Jin menulis kepada fans, &quot;Hmm...ya, itu terjadi seperti itu. Aku tidak tahu harus berkata apa, tapi aku pikir aku harus mengatakan sesuatu kepada kalian. Aku bersyukur bisa bertemu orang yang baik. Aku akan mencoba menunjukkan hal-hal baik kepada kalian juga.&quot;</p>\r\n\r\n<p>Sementara itu, Hyun Bin dan Son Ye Jin beradu akting di film &quot;<strong>The Negotiation</strong>&quot; serta drama &quot;<strong>Crash Landing On You</strong>&quot;. Keduanya juga membintangi iklan sebagai couple untuk layanan telekomunikasi Smart yang iklannya dirilis beberapa waktu lalu.</p>\r\n', 'Netizen Memperhatikan Son Ye Jin Mengklik \'Like\' Di Banyak Postingan Instagram Yang Berbeda.', 1, 'Kscoop', '2021-03-11 04:29:00', 3, 0, 0, 1, 0, 0, 1, 0, 1, 1),
(24, 'V BTS Umbar Aurat Di Kolam Renang, Netizen Malah Salfok Bodi Jin Baju Lengkap', 'V-BTS-Umbar-Aurat-Di-Kolam-Renang-Netizen-Malah-Salfok-Bodi-Jin-Baju-Lengkap', '<p><strong>Kscoop</strong>-&nbsp;<strong><a href=\"https://www.wowkeren.com/seleb/v/\">V</a></strong>&nbsp;<strong>BTS</strong>&nbsp;(<strong><a href=\"https://www.wowkeren.com/seleb/bangtan_boys/\">Bangtan Boys</a></strong>) membuat penggemar sedunia geger karena&nbsp;<a href=\"https://wowkeren.com/berita/tampil/00355616.html\">bertelanjang dada</a>&nbsp;di episode terbaru &quot;<strong>Run BTS!</strong>&quot; pekan ini. Namun netizen rupanya salah fokus dengan&nbsp;<strong><a href=\"https://www.wowkeren.com/seleb/jin/\">Jin</a></strong>&nbsp;yang terlihat di belakangnya.</p>\r\n\r\n<p>Dalam episode ini, para member BTS dibagi menjadi dua tim dan berdebat tentang berbagai topik. Sebagai penutup, mereka semua berendam di kolam renang setelah disiram air berkali-kali.</p>\r\n\r\n<p>V tertangkap kamera telah melepas bajunya. Namun Jin yang masih berpakaian lengkap di belakangnya justru mencuri fokus netizen.</p>\r\n\r\n<p>Penggemar tetap bisa melihat fisik sempurna di balik kemeja Jin karena kondisinya yang basah. Mereka yakin bahwa pemilik nama Kim Seokjin itu rajin berolahraga meski jarang mengungkapkannya seperti yang lain.</p>\r\n\r\n<p>Jin adalah member yang paling berhati-hati untuk tidak memperlihatkan tubuhnya. Agensi juga menjaganya dengan menutupi bagian tubuhnya yang terekspos meski sedikit. Pemandangan seperti ini jelas langka bagi penggemar.</p>\r\n\r\n<p>&quot;Hei, kupikir Kim Seokjin, yang ada di belakangnya, juga rajin berolahraga,&quot; komentar netizen. &quot;Aku justru salah fokus pada Kim Seokjin,&quot; tambah netizen lain. &quot;Kita tidak akan pernah melihat Jin bertelanjang dada kecuali dia main drama karena pasti akan ada adegan seperti itu,&quot; sahut yang lain. &quot;Lihatlah dada kekar Jin meski tertutup kemeja,&quot; pungkas lainnya.</p>\r\n\r\n<p>Sementara itu, BTS dipastikan tampil di Grammy Awards 2021 yang disiarkan langsung pada 14 Maret pukul 8 malam waktu setempat. Single hit mereka &quot;Dynamite&quot; mendapatkan nominasi dalam kategori Best Pop Duo/Group Performance. Ini adalah penampilan kedua mereka setelah tahun lalu ikut tampil di panggung bersama&nbsp;<strong><a href=\"https://www.wowkeren.com/seleb/lil_nas_x/\">Lil Nas X</a></strong>.</p>\r\n\r\n<p>Dalam berita lain, BTS akhir tahun lalu comeback dengan album spesial &quot;BE (Deluxe Edition)&quot;. Versi &quot;Essential Edition&quot; yang dirilis pada 19 Februari diperbarui dengan stiker Billboard Hot 100 dan nominasi Grammy mereka.</p>\r\n', 'V Tertangkap Kamera Telah Melepas Bajunya Selama Berendam Di Kolam Renang Dalam \'Run BTS!\'.', 1, 'Kscoop', '2021-03-11 04:32:00', 3, 0, 0, 1, 1, 1, 0, 0, 0, 1),
(25, 'Kakao M Dan Spotify Sudah Jalin Kesepakatan, Lagu-Lagu K-Pop Yang Hilang Akan Segera Kembali', 'KakaoM-Dan-Spotify-Sudah-Jalin-Kesepakatan-Lagu-Lagu-K-Pop-Yang-Hilang-Akan-Segera-Kembali', '<p><strong>Kscoop&nbsp;</strong>- Spotify dan Kakao Entertainment (sebelumnya Kakao M) telah mengumumkan bahwa mereka telah mencapai perjanjian lisensi. Kesepakatan ini membuat musik yang didistribusikan oleh Kakao Entertainment akan tersedia secara global sekali lagi.</p>\r\n\r\n<p>Kedua perusahaan baru-baru ini telah dalam pembicaraan sejak berakhirnya lisensi Kakao Entertainment dengan Spotify awal bulan ini. Kedaluwarsa menyebabkan penghapusan banyak karya artis K-Pop seperti&nbsp;<strong><a href=\"https://www.wowkeren.com/seleb/mamamoo/\">MAMAMOO</a></strong>,&nbsp;<strong><a href=\"https://www.wowkeren.com/seleb/seventeen_ii_/\">SEVENTEEN (II)</a></strong>,&nbsp;<strong><a href=\"https://www.wowkeren.com/seleb/loona/\">LOONA</a></strong>,&nbsp;<strong><a href=\"https://www.wowkeren.com/seleb/monsta_x/\">MONSTA X</a></strong>&nbsp;dan banyak lagi dari platform streaming.</p>\r\n\r\n<p>Kakao Entertainment sebelumnya menyatakan bahwa mereka tidak dapat memperbarui kontrak mereka. Tetapi dilaporkan bahwa mereka sekarang telah menyetujui persyaratan yang &quot;tidak jauh berbeda dari yang awalnya ditawarkan,&quot; menurut&nbsp;<em>Variety</em>. Perbedaan utamanya adalah artis Kakao Entertainment sekarang akan tersedia di Spotify di Korea Selatan, platform tempat mereka tidak hadir sebelum lisensi kedaluwarsa. Kedua perusahaan telah merilis pernyataan tentang perpanjangan lisensi.</p>\r\n\r\n<p>&quot;Kami senang bahwa konten dan artis Kakao Entertainment hadir kembali di Spotify, memungkinkan lebih dari 345 juta pendengar global kami di 170 negara untuk sekali lagi menikmati musik yang mereka sukai. Misi Spotify selalu menghubungkan artis dengan penggemar mereka di seluruh dunia dan memberikan akses pendengar ke semua musik dunia,&rdquo; ungkap pihak Spotify.</p>\r\n\r\n<p>&ldquo;Kami sangat senang bahwa pendengar Korea kami sekarang juga dapat menikmati musik lokal ini bersama lebih dari 70 juta lagu kami dan 4 miliar + daftar putar. Kami tetap berkomitmen untuk memberikan dampak positif pada ekosistem streaming musik Korea melalui kemitraan kami dengan artis, label, dan pemegang hak local,&quot; lanjut Spotify.</p>\r\n\r\n<p>Namun, tidak ada yang menjelaskan secara spesifik mengapa musik tersebut sekarang tersedia di Spotify Korea atau bagaimana hal ini akan memengaruhi penghitungan aliran (untuk penghargaan acara musik Korea, misalnya). Selain itu, pihak Kakao juga kini telah merilis pernyataan resmi mengenai kesepakatan itu.</p>\r\n\r\n<p>&quot;Kakao Entertainment Corp. (sebelumnya Kakao M) telah menandatangani perjanjian dengan Spotify dan secara berurutan akan memberikan konten musiknya ke Spotify untuk layanan di dalam dan di luar Korea,&rdquo; ungkap pihak Kakao.</p>\r\n\r\n<p>&ldquo;Melalui kemitraannya yang beragam di seluruh dunia termasuk Spotify, Kakao Entertainment berharap para pecinta musik di sekitar dunia dapat dengan mudah mengakses artis dan konten musiknya untuk menikmati K-pop. Kakao Entertainment tetap berkomitmen pada ekosistem musik Korea dan pertumbuhannya dan akan terus melindungi hak artis, label, dan pemegang hak lokal di masa mendatang,&quot; lanjut Kakao Entertainment.</p>\r\n\r\n<p>Belum ditentukan kapan musik akan tersedia lagi tetapi akan muncul kembali dalam beberapa hari mendatang. Meskipun tidak ada detail lebih lanjut, fans berasumsi bahwa streaming dan playlist yang terpengaruh oleh penghapusan tidak akan kembali ke keadaan sebelumnya, mengingat semua artis P NATION yang sebelumnya diupload ulang ke platform kehilangan semua streaming mereka.</p>\r\n', 'Spotify Dan Kakao Entertainment (Sebelumnya Kakao M) Mengumumkan Bahwa Mereka Telah Mencapai Perjanjian Lisensi.', 1, 'Kscoop', '2021-03-11 04:41:00', 5, 0, 0, 1, 0, 0, 0, 1, 0, 1),
(26, 'WayV Comeback Dengan \'Kick Back\', Ungkap Rencana Promosi Di Korea Tanpa Dua Member Ini', 'WayV-Comeback-Dengan-Kick Back-Ungkap-Rencana-Promosi-Di-Korea-Tanpa-Dua-Member-Ini', '<p><strong>Kscoop&nbsp;</strong>- Setelah karya terakhir mereka tahun lalu dengan album &quot;Awaken the World&quot;,&nbsp;<strong><a href=\"https://www.wowkeren.com/seleb/wayv/\">WayV</a></strong>&nbsp;akhirnya comeback dengan lagu baru berjudul &quot;Kick Back&quot;. Boy grup yang merupakan sub-unit&nbsp;<strong><a href=\"https://www.wowkeren.com/seleb/nct/\">NCT</a></strong>&nbsp;itu juga mengungkapkan rencana promosi mereka kali ini.</p>\r\n\r\n<p>Rabu (10/3) kemarin, WayV merilis album ketiga bertajuk &quot;Kick Back&quot; yang memuat title track berjudul sama. Lagu ini merupakan dance track dengan tempo cepat yang menampilkan pesona ketujuh member dengan tampilan baru mereka.</p>\r\n\r\n<p>Hari ini, Kamis (11/43), Label V melalui akun media sosial resmi WayV mengumumkan rencana promosi untuk mini album &quot;Kick Back&quot;. Sayangnya, untuk masa promosi kali ini, hanya ada 5 member yang akan menjalani kegiatan promosi. Berikut ini isi pengumuman Label V:</p>\r\n\r\n<p><em>&quot;Halo, ini Label V. Kami ingin memberikan pengumuman kepada pengemar terkait rencana promosi mini album ketiga WayV. Karena jadwal&nbsp;<strong><a href=\"https://www.wowkeren.com/seleb/winwin/\">Winwin</a></strong>&nbsp;dan&nbsp;<strong><a href=\"https://www.wowkeren.com/seleb/lucas/\">Lucas</a></strong>&nbsp;di Tiongkok, WayV akan berpromosi dengan 5 member selama masa promosi mini album ketiga WayV.</em></p>\r\n\r\n<p><em>Winwin dan Lucas saat ini berada di Tiongkok mengikuti aturan karantina setempat dan berencana untuk melanjutkan kegiatan mereka segera setelah masa karantina selesai. Kami ingin meminta pengertian dari kalian. Terima kasih.&quot;</em></p>\r\n\r\n<p>Seperti yang kita ketahui, WayV telah menjalani kegiatan promosi di Korea saja sejak pandemi COVID-19 merebak. Kini, setidaknya penggemar dari Tiongkok dapat bertemu dengan 2 dari 5 member WayV yang siap menjalani kegiatan mereka.</p>\r\n', 'Label V Mengumumkan Rencana Promosi Untuk Mini Album \'Kick Back\'. ', 1, 'Kscoop', '2021-03-11 04:44:00', 5, 0, 0, 1, 1, 1, 0, 0, 0, 1),
(27, 'Agensi IZ*ONE Rilis Pernyataan Resmi Terkait Rencana Bubar April 2021, Bakal Ada Sub-Unit?', 'Agensi-IZONE-Rilis-Pernyataan-Resmi-Terkait-Rencana-Bubar-April-2021-Bakal-Ada-Sub-Unit', '<p><strong>Kscoop</strong>&nbsp;- Sebelumnya, media Korea ramai memberitakan bahwa&nbsp;<strong><a href=\"https://www.wowkeren.com/seleb/iz_one/\">IZ*ONE</a></strong>&nbsp;akan bubar pada April 2021 seiring dengan berakhirnya kontrak mereka serta gagalnya tercapai persetujuan perpanjangan kontrak. Terkait hal tersebut, agensi IZ*ONE pun merilis pernyataan resmi.</p>\r\n\r\n<p>Hari ini, Kamis (11/3), agensi IZ*ONE membenarkan bahwa girl grup beranggotakan 12 member tersebut akan bubar. Berikut ini isi pernyataan mereka:</p>\r\n\r\n<p><em>&quot;Halo. Ini Off The Record dan Swing Entertainment, bersama-sama bertanggung jawab atas manajemen IZ*ONE. Seperti yang diumumkan secara resmi pada 10 Maret, proyek IZ*ONE akan berakhir pada April.</em></p>\r\n\r\n<p><em>Fancafe, konten, dan media sosial resmi IZ*ONE akan beroperasi hingga akhir proyek, dan rencana masa depan (untuk platform ini) akan diumumkan melalui pernyataan terpisah nanti. Kami mengucapkan terima kasih kepada WIZ*ONE yang telah memberikan cinta dan dukungan kepada IZ*ONE hingga saat ini, dan kami meminta banyak dukungan yang diberikan untuk kegiatan para anggota di masa depan.</em></p>\r\n\r\n<p><em>IZ*ONE akan menyapa penggemar melalui konser online mereka &#39;ONE, THE STORY&#39; yang akan diadakan selama dua hari pada tanggal 13 dan 14 Maret. Anggota IZ*ONE saat ini bekerja paling keras untuk bertemu penggemar di konser.</em></p>\r\n\r\n<p><em>Kami sekali lagi berterima kasih kepada WIZ*ONE yang selalu menunjukkan dukungan, dan Off The Record serta Swing Entertainment akan selalu mendukung anggota IZ*ONE yang akan tumbuh lebih jauh sebagai artis. Kami meminta kalian menunjukkan banyak antisipasi dan dukungan untuk sisi baru yang akan ditunjukkan oleh anggota IZ * ONE mulai sekarang. Terima kasih.&quot;</em></p>\r\n\r\n<p>Di sisi lain, seorang sumber di dunia hiburan menyatakan kalau ada rencana untuk membentuk sub-unit yang beranggotakan beberapa member IZ*ONE. Menurut sumber tersebut, member-member ini adalah mereka yang tak ingin IZ*ONE bubar.</p>\r\n\r\n<p>&quot;Beberapa anggota IZ*ONE dan agensi mereka kecewa dengan fakta bahwa grup akan bubar. Beberapa anggota mempertimbangkan untuk membuat grup unit, atau grup proyek lain untuk melanjutkan promosi, dengan diskusi yang sedang berlangsung. Beberapa agensi secara positif mempertimbangkan promosi unit dengan beberapa anggota yang bersedia.&quot;</p>\r\n', 'Agensi IZ*ONE Membenarkan Bahwa Girl Grup Beranggotakan 12 Member Tersebut Akan Bubar.', 1, 'Kscoop', '2021-03-11 04:47:00', 5, 0, 0, 1, 0, 1, 1, 0, 1, 1),
(28, 'Baek Yerin Ungkap Lirik Ciptaannya Yang Paling Ia Banggakan Dari Album \'Tellusaboutyourself\'', 'Baek-Yerin-Ungkap-Lirik-Ciptaannya-Yang-Paling-Ia-Banggakan-Dari-Album-Tellusaboutyourself', '<p><strong>Kscoop&nbsp;</strong>-&nbsp;<strong><a href=\"https://www.wowkeren.com/seleb/baek_yerin/\">Baek Yerin</a></strong>&nbsp;mengungkapkan lirik mana yang benar-benar dia sukai dari album terbarunya, &ldquo;tellusaboutyourself&rdquo;. Dalam wawancara baru-baru ini dengan Elle, Baek Yerin berbicara tentang banyak hal, termasuk memulai labelnya sendiri, Blue Vinyl.</p>\r\n\r\n<p>Dia kemudian juga ditanya tentang lirik favoritnya dari album berbahasa Inggris terbarunya itu. &quot;Apakah ada lirik tertentu yang Anda tulis yang paling Anda banggakan? Mengapa sangat menarik bagi Anda?&quot;</p>\r\n\r\n<p>Baek Yerin kemudian berbagi bahwa dia menyukai baris tertentu dari lagu &quot;Hate you&quot;. Ia kemudian menjelaskan mengapa dia sangat bangga karenanya.</p>\r\n\r\n<p>&quot;Aku suka bridge dalam &lsquo;Hate You&rsquo; yang berbunyi &quot;masuk ke dalam hidup seseorang itu sangat mudah, tapi juga sangat mudah terluka&quot;. Saat membuat album ini,akua ingin menulis tentang fakta bahwa meskipun mudah bagi seseorang untuk memasuki kehidupan orang lain, pada saat yang sama juga mudah untuk menyakiti mereka,&rdquo; ungkapnya.</p>\r\n\r\n<p>&ldquo;Tidak yakin apakah aku di tempat untuk mengatakan ini, tetapi aku berharap ada lebih sedikit orang yang menyakiti orang lain di dunia ini,&quot; lanjut Baek Yerin. Album &ldquo;tellusaboutyourself&rdquo; sendiri merupakan album yang ia rilis di bawah naungan label miliknya sendiri &ldquo;Blue Vinyl&rdquo;.</p>\r\n\r\n<p>Pada 13 September 2019, Yerin mengumumkan kontraknya dengan JYP Entertainment telah selesai, dan dia keluar untuk membuat label rekaman independennya sendiri. Label ini diluncurkan pada 6 November dan pada 22 November ia merilis single pertamanya di Blue Vinyl, &quot;Popo (How Deep Is Your Love)&quot;.</p>\r\n\r\n<p>Dalam membangun album baru Yerin, terungkap bahwa lagu-lagu yang sebelumnya telah dirilis di SoundCloud-nya akan ditampilkan pada rilis baru, serta lagu baru yang belum pernah terdengar sebelumnya. Pada 10 Desember, Baek Yerinmerilis album studio pertama dan album ganda pertama &ldquo;Every letter I sent you&rdquo; dengan 17 dari 18 lagu ditulis dalam bahasa Inggris.</p>\r\n\r\n<p>Single berikutnya &quot;Square (2017)&quot; juga membuat Baek Yerin jadi artis Korea Selatan pertama yang menduduki puncak tangga lagu dengan sebuah lagu dalam bahasa Inggris. Lagu ini kemudian mencetak &ldquo;all kill&rdquo;, di mana seorang artis menduduki puncak tangga lagu harian dan realtime Melon, Genie, Bugs, dan Soribada; dan grafik waktu nyata Flo dan iChart. Selain kesuksesan &quot;Square (2017)&quot;, album ini juga menduduki puncak tangga lagu di Korea Selatan.</p>\r\n', 'Baek Yerin Mengungkapkan Lirik Mana Yang Benar-Benar Dia Sukai Dari Album Terbarunya, \'Tellusaboutyourself\'.', 1, 'Kscoop', '2021-03-11 04:49:00', 5, 1, 1, 1, 0, 1, 0, 0, 1, 1),
(29, 'BTS Jadi Pemenang Penghargaan Album Global Semua Format Chart IFPI Lewat \'Map Of The Soul: 7\'', 'BTS-Jadi-Pemenang-Penghargaan-Album-Global-Semua-Format-Chart-IFPI-Lewat-Map-Of-The-Soul-7', '<p><strong>Kscoop&nbsp;</strong>- BTS (Bangtan Boys) mengukir sejarah sebagai artis pertama yang menduduki puncak Tangga Lagu Global Album Semua Format IFPI yang baru diluncurkan. Pencapaian ini diciptakan oleh BTS lewat album mereka yang luar biasa, &ldquo;&#39;Map of the Soul: 7&rdquo;.</p>\r\n\r\n<p>Federasi Internasional Industri Fonografi (IFPI) adalah organisasi yang mewakili industri musik rekaman di seluruh dunia, dan sekarang telah menambahkan peringkat baru ke penghargaan global yang ada untuk merayakan album terlaris tahun ini di semua format konsumsi. Bagan Semua Format Album Global memperhitungkan penjualan fisik, unduhan digital, dan platform streaming.</p>\r\n\r\n<p>Album BTS yang dirilis pada Februari 2020, &quot;Map of the Soul: 7&quot; mendapatkan No. 1 di peringkat setelah memecahkan rekor penjualan sepanjang masa di Korea. Album ini juga sebelumnya tercatat memuncaki tangga lagu di lima pasar musik terbesar dunia (Amerika Serikat, Jepang, Inggris Raya, Jerman, Prancis), dan banyak lagi.</p>\r\n\r\n<p>Di No. 4 di tangga lagu adalah album grup dengan peringkat teratas Billboard 200 &quot;BE (Deluxe Edition)&quot;, yang dirilis pada November 2020. Berkit daftar lengkap 10 Album Global Teratas dari IFPI, Semua Format Bagan untuk tahun 2020:</p>\r\n\r\n<ol>\r\n	<li>BTS - &ldquo;Map of the Soul: 7&rdquo;</li>\r\n	<li><strong><a href=\"https://www.wowkeren.com/seleb/the_weeknd/\">The Weeknd</a></strong>&nbsp;- &ldquo;After Hours&rdquo;</li>\r\n	<li><strong><a href=\"https://www.wowkeren.com/seleb/billie_eilish/\">Billie Eilish</a></strong>&nbsp;- &ldquo;When We All Fall Asleep, Where Do We Go?&rdquo;</li>\r\n	<li>BTS - &ldquo;BE (Deluxe Edition)&rdquo;</li>\r\n	<li><strong><a href=\"https://www.wowkeren.com/seleb/harry_styles/\">Harry Styles</a></strong>&nbsp;- &ldquo;Fine Line&rdquo;</li>\r\n	<li><strong><a href=\"https://www.wowkeren.com/seleb/post_malone/\">Post Malone</a></strong>&nbsp;- &ldquo;Hollywood&rsquo;s Bleeding&rdquo;</li>\r\n	<li><strong>Kenshi Yonezu</strong>&nbsp;- &ldquo;Stray Sheep&rdquo;</li>\r\n	<li><strong><a href=\"https://www.wowkeren.com/seleb/justin_bieber/\">Justin Bieber</a></strong>&nbsp;- &ldquo;Changes&rdquo;</li>\r\n	<li><strong><a href=\"https://www.wowkeren.com/seleb/taylor_swift/\">Taylor Swift</a></strong>&nbsp;- &ldquo;Folklore&rdquo;</li>\r\n	<li><strong><a href=\"https://www.wowkeren.com/seleb/dua_lipa/\">Dua Lipa</a></strong>&nbsp;- &ldquo;Future Nostalgia&rdquo;</li>\r\n</ol>\r\n\r\n<p>Awal pekan ini, IFPI juga mengumumkan bahwa BTS adalah Artis Rekaman Global Tahun Ini dari IFPI untuk tahun 2020. Mereka juga mngumumkan bahwa lagu mereka &quot;Dynamite&quot; menempati posisi No. 10 di Tangga Lagu Digital Global 2020. IFPI juga akan mengumumkan Grafik Penjualan Album Global pada 11 Maret. Selamat untuk BTS!</p>\r\n', 'BTS Mengukir Sejarah Sebagai Artis Pertama Yang Menduduki Puncak Tangga Lagu Global Album Semua Format IFPI Yang Baru Diluncurkan.', 1, 'Kscoop', '2021-03-11 04:55:00', 5, 0, 0, 1, 1, 0, 0, 0, 0, 1),
(30, 'Penampilan Elegan Park Shin Hye Di Lokasi \'Sisyphus: The Myth\' Bikin Cho Seung Woo Terkagum-Kagum', 'Penampilan-Elegan-Park-Shin-Hye-Di-Lokasi-Sisyphus-The-Myth-Bikin-Cho-Seung-Woo-Terkagum-Kagum', '<p><strong>Kscoop</strong>&nbsp;- Pada Rabu (10/3), JTBC kembali merilis video&nbsp;<em>behind the scene</em>&nbsp;&quot;<strong>Sisyphus: The Myth</strong>&quot; yang menampilkan keakraban&nbsp;<strong><a href=\"https://www.wowkeren.com/seleb/park_shin_hye/\">Park Shin Hye</a></strong>&nbsp;dan&nbsp;<strong><a href=\"https://www.wowkeren.com/seleb/cho_seung_woo/\">Cho Seung Woo</a></strong>&nbsp;di lokasi syuting. Video ini sendiri menampilkan momen syuting adegan pesta yang terlihat sangat menegangkan di layar kaca.</p>\r\n\r\n<p>Video itu dimulai dengan sorakan Cho Seung Woo dan para staf saat Park Shin Hye memasuki lokasi syuting dengan gaun pesta. Karena merasa malu, Park Shin Hye bertanya, &quot;Mengapa kalian seperti ini?&quot;.</p>\r\n\r\n<p>Seorang staf kemudian berteriak, &quot;Wow, itu seorang selebriti!&quot;. Cho Seung Woo yang kagum turut menimpali, &quot;Kamu terlihat keren!&quot;. Sedangkan sutradara menggoda Cho Seung Woo yang tampil berantakan. &quot;Sementara itu, mereka mendandani Tae Sul (karakter Cho Seung Woo) seperti ini!&quot; sahut sutradara.</p>\r\n\r\n<p>Park Shin Hye dan Cho Seung Woo kemudian melatih adegan dengan lebih detail agar dialog dan gerakannya dapat keluar dengan baik. Meskipun Park Shin Hye sempat membuat kesalahan saat melafalkan dialognya, sutradara justru memberikan pujian. &quot;Itu terlihat alami, seolah kamu sedang bingung,&quot; ujar sutradara.</p>\r\n\r\n<p>Dalam adegan yang lain, Park Shin Hye terlihat syuting adegan aksi yang sulit dengan bantuan sutradara seni bela diri. Karena serius memperhatikan sutradara, Park Shin Hye akhirnya berhasil menampilkan akting yang alami. Dia berkata, &quot;Aku memecahkan hidangan dengan baik.&quot;</p>\r\n\r\n<p>Setelah itu, Park Shin Hye bercanda menggunakan garpu seolah-olah itu adalah penggaruk punggung untuk memijat lengan sutradara. &quot;(Syuting) sutradara, kamu bilang itu menyegarkan. (Pasti sakit) karena itu adalah titik tekanan,&quot; kata Park Shin Hye ke hadapan kamera.</p>\r\n\r\n<p>Sementara itu, &quot;Sisyphus: The Myth&quot; merupakan drama misteri-fantasi yang berkisah tentang perjalanan waktu antara seorang insyinyur jenius bernama Han Tae Sul (Cho Seung Woo) dan penyelamatnya dari masa depan, Kang Seo Hae (Park Shin Hye). Kang Seo Hae adalah seorang wanita heroik yang datang dari masa depan yang tandus dan hancur karena perang. Dia dibesarkan dengan pelatihan intensif agar bisa bertahan hidup.</p>\r\n\r\n<p>Di sisi lain, Han Tae Sul adalah seorang insyinyur jenius yang menjadi salah satu pendiri Quantum and Time Company. Dia juga dikenal sebagai pembuat keajaiban dan pahlawan di Korea. Namun hidupnya mulai berubah setelah mengetahui kebenaran mengejutkan di balik kematian sang kakak.</p>\r\n', 'Dalam Video Behind The Scene \'Sisyphus: The Myth\', Cho Seung Woo Tampak Terkagum-Kagum', 1, 'Kscoop', '2021-03-11 05:12:00', 2, 0, 0, 1, 0, 0, 0, 0, 1, 1),
(31, 'Perankan Karakter Unik, Ini Alasan Lee Min Ki Tertarik Bintangi \'Oh My Ladylord\'', 'Perankan-Karakter-Unik-Ini-Alasan-Lee-Min-Ki-Tertarik-Bintangi-Oh-My-Ladylord', '<p><strong>Kscoop</strong>&nbsp;- Menjelang penayangan episode perdana drama &quot;<strong>Oh My Ladylord</strong>&quot;,&nbsp;<strong><a href=\"https://www.wowkeren.com/seleb/lee_min_ki/\">Lee Min Ki</a></strong>&nbsp;membicarakan perannya sebagai penulis drama thriller bernama Han Bi Soo. Mulai dari alasan bergabung hingga pendeskripsian karakternya yang memiliki sejumlah sisi unik.</p>\r\n\r\n<p>Lee Min Ki mengungkapkan bahwa naskah yang menyegarkan membuatnya tertarik membintangi &quot;Oh My Ladylord&quot;. Baginya, drama ini akan menghadirkan unsur menyenangkan yang bisa membuat pemirsa merasa nyaman.</p>\r\n\r\n<p>&quot;Pertama-tama, aku menyukai bagaimana dramanya cerah dan karakterku juga lucu. Aku sudah lama tidak memilih genre yang ceria dan menyenangkan. Tapi kurasa aku ingin mendekati pemirsa dengan proyek yang nyaman, cerah dan mudah,&quot; tutur Lee Min Ki.</p>\r\n\r\n<p>Aktor 36 tahun ini kemudian berbicara lebih lanjut tentang kepribadian unik karakternya. Menurut Lee Min Ki, Han Bi Soo adalah karakter yang tidak masuk akal namun manusiawi.</p>\r\n\r\n<p>&quot;Aku pikir pria dan wanita dari segala usia ada dalam diri Han Bi Soo. Daripada mendeskripsikannya dalam satu kata, kupikir lebih baik untuk mengatakan bahwa dia adalah orang yang berubah tergantung pada situasinya, yang membuatnya jauh lebih manusiawi. Dia tidak terlalu masuk akal. Tapi anehnya, dia bukan karakter yang aneh,&quot; terangnya.</p>\r\n\r\n<p>Sementara itu, &quot;Oh! Master&quot; merupakan drama roman yang bercerita tentang seorang penulis drama thriller bernama Han Bi Soo yang &quot;tidak ingin&quot; berkencan dan seorang aktris rom-com bernama Oh Joo In (<strong><a href=\"https://www.wowkeren.com/seleb/nana/\">Nana</a></strong>) yang &quot;tidak bisa&quot; berkencan. Mereka kemudian tinggal bersama dan terlibat dalam hubungan asmara yang menarik.</p>\r\n\r\n<p>Secara lebih detail, Han Bi Soo digambarkan sebagai seorang pria berduri yang menunjukkan sisi berbeda saat sedang jatuh cinta. Dia memiliki bekas luka yang tidak diketahui orang lain, jadi dia akhirnya membangun naluri keibuan yang membuat siapapun tidak bisa berpaling darinya.</p>\r\n\r\n<p>Drama ini sendiri dipersiapkan untuk mengisi slot tayang Rabu - Kamis MBC menggantikan &quot;<strong>The Spies Who Loved Me</strong>&quot;. Jika sesuai dengan rencana, drama yang juga dibintangi oleh&nbsp;<strong><a href=\"https://www.wowkeren.com/seleb/kang_min_hyuk/\">Kang Min Hyuk</a></strong>&nbsp;<strong><a href=\"https://www.wowkeren.com/seleb/cn_blue/\">CN Blue</a></strong>&nbsp;ini akan mulai tayang pada 24 Maret mendatang.</p>\r\n', 'Baru-Baru Ini Lee Min Ki Membicarakan Karakternya Yang Bernama Han Bi Soo Dalam Drama Mendatang', 1, 'Kscoop', '2021-03-11 05:14:00', 2, 0, 0, 1, 0, 0, 0, 0, 0, 1),
(32, 'Santuy Lakukan Ini, Song Joong Ki Kena Tegur Sutradara \'Vincenzo\'', 'Santuy-Lakukan-Ini-Song-Joong-Ki-Kena-Tegur-Sutradara-Vincenzo', '<p><strong>Kscoop</strong>&nbsp;- tvN belum lama ini memanjakan penonton setia dengan video di balik layar drama &quot;<strong>Vincenzo</strong>&quot;. Video yang dirilis menampilkan proses syuting episode keenam. Salah satu momen menarik adalah ketika&nbsp;<strong><a href=\"https://www.wowkeren.com/seleb/song_joong_ki/\">Song Joong Ki</a></strong>&nbsp;ditegur sutradara.</p>\r\n\r\n<p>Song Joong Ki,&nbsp;<strong><a href=\"https://www.wowkeren.com/seleb/jeon_yeo_bin/\">Jeon Yeo Bin</a></strong>&nbsp;serta pemain lainnya tampak syuting adegan di depan pengadilan ketika pasangan utama &quot;Vincenzo&quot; itu turun dari mobil mewah dan membuat semua orang melongo. Setelah syuting adegan itu, Jeon Yeo Bin berkomentar, &quot;Kamu (Song Joong Ki) terlihat sangat keren. Lucu sekali, apa yang akan saya lakukan?&quot;</p>\r\n\r\n<p>Ketika Song Joong Ki dengan santuynya di kap mobil, sutradara langsung menegurnya. &quot;Kupikir aku akan menjadi gila karena cemas karena mobil ini, jadi bisakah kamu tidak duduk di atasnya,&quot; tutur sutradara &quot;Vincenzo&quot;.</p>\r\n\r\n<p>Yang menarik, Song Joong Ki justru berpura-pura bersandar lebih jauh di mobil sebelum segera turun. Yang Kyung Won lantas berkata, &quot;Semakin tinggi harga mobil, semakin mahal harganya. Mana yang lebih mahal, matiz atau bus? Bus lebih mahal.&quot; Dia kemudian menunjuk ke mobil, menunjukkan seberapa rendah mobil itu ke tanah.</p>\r\n\r\n<p>Di sisi lain, cuplikan episode terbaru &quot;Vincenzo&quot; memperlihatkan berbagai usaha menarik Vincenzo Cassano (Song Joong Ki) dan Hong Cha Young (Jeon Yeo Bin) agar bisa menang mewakili para keluarga melawan Babel Pharmaceuticals yang diwakili oleh firma hukum Wusang.</p>\r\n\r\n<p>Vincenzo dan Hong Cha Young juga menghabiskan waktu bersama di luar urusan pekerjaan. Mereka tampak minum alkohol bersama di mana Vincenzo membocorkan ada berton-ton emas di bawah tanah Plaza Geumja.</p>\r\n\r\n<p>Momen lain yang tak kalah seru adalah ketika Jang Joon Woo (<strong><a href=\"https://www.wowkeren.com/seleb/taecyeon/\">Taecyeon</a></strong>) mengungkap kepada Han Seung Hyeok (<strong>Jo Han Chul</strong>) dan Choi Myung Hee (<strong>Kim Yeo Jin</strong>) bahwa dirinya adalah bos sesungguhnya Babel Grup. Sedangkan Jang Han Seo&nbsp;<strong>(Kwak Dong Yeon</strong>) adalah adik tiri yang ia jadikan sebagai pimpinan palsu.</p>\r\n\r\n<p>Sementara itu, &quot;Vincenzo&quot; akan menghadirkan episode terbaru pada Sabtu (12/3) mendatang. Bagi yang penasaran, jangan sampai ketinggalan menyaksikan ya.</p>\r\n', 'Song Joong Ki, Jeon Yeo Bin Serta Pemain Lainnya Syuting Adegan Di Depan Pengadilan', 1, 'Kscoop', '2021-03-11 05:16:00', 2, 1, 0, 1, 0, 0, 1, 0, 1, 1),
(33, 'Lee Seung Gi Dan Park Ju Hyun Dibocorkan Makin Dekat Di \'Mouse\', Chemistry Tuai Pujian', 'Lee-Seung-Gi-Dan-Park-Ju-Hyun-Dibocorkan-Makin-Dekat-Di-Mouse-Chemistry-Tuai-Pujian', '<p><strong>Kscoop</strong>&nbsp;- Pada Rabu (10/3) hari ini, tim produksi &quot;<strong>Mouse</strong>&quot; merilis beberapa foto adegan baru untuk menarik minat pemirsa. Foto adegan yang dirilis kali ini berfokus pada karakter Jung Ba Reum (<strong><a href=\"https://www.wowkeren.com/seleb/lee_seung_gi/\">Lee Seung Gi</a></strong>) dan Oh Bong Yi (<strong>Park Ju Hyun</strong>).</p>\r\n\r\n<p>Dalam foto adegan tersebut, Jung Ba Reum dan Oh Bong Yi terlihat berbagi makanan sup tulang sapi di sebuah restoran. Saat Jung Ba Reum menuangkan nasi ke dalam sup untuknya, Oh Bong Yi tampak membuang muka dan tersenyum malu-malu. Mereka terlihat dekat dan terlibat percakapan hangat, kontras dengan pertemuan dingin di episode sebelumnya.</p>\r\n\r\n<p>Situasi mendadak berubah setelah Oh Bong Yi mengatakan sesuatu yang membuat Jung Ba Reum sangat terkejut. Karena itulah pemirsa berharap untuk mengetahui apa yang terjadi hingga merusak momen hangat mereka dengan begitu cepat.</p>\r\n\r\n<p>Bersama dengan dirilisnya foto adegan tersebut, produser &quot;Mouse&quot; turut memuji chemistry luar biasa Lee Seung Gi dan Park Ju Hyun. Di samping itu, ia juga meminta pemirsa untuk menantikan kisahnya dalam episode mendatang drama ini.</p>\r\n\r\n<p>&quot;Lee Seung Gi dan Park Ju Hyun adalah aktor yang memiliki hubungan baik di kehidupan nyata, sebaik chemistry mereka dalam drama. Jadi mereka selalu membuat suasana di lokasi syuting terasa cerah dan bahagia. Silahkan lihat siaran minggu ini di mana kedua karakter akan menunjukkan hubungannya yang canggung namun bersahabat,&quot; tutur produser.</p>\r\n\r\n<p>Sementara itu, di episode sebelumnya Jung Ba Reum bertatap muka dengan Sung Yo Han (<strong>Kwon Hwa Woon</strong>) setelah sahabatnya Na Chi Kook (<strong>Lee Seo Joon</strong>) hampir menjadi target pembunuhan. Sedangkan Oh Bong Yi menjadi sangat panik setelah mendengar berita tentang pembebasan penjahat pelecehan seksual, yang mengungkapkan traumanya.</p>\r\n\r\n<p>Dalam episode selanjutnya, kebenaran masa lalu mereka akan terkuak secara perlahan. Begitu juga dengan identitas Jae Hoon yang sebelumnya menganggap dirinya sebagai seorang predator. Bila penasaran dengan kelanjutan ceritanya, jangan sampai terlewat untuk menyaksikan episode ketiga &quot;Mouse&quot; ya.</p>\r\n', 'Menjelang Penayangan Episode Ketiga \'Mouse\', TvN Merilis Beberapa Foto Adegan Dari Karakter Lee Seung Gi Dan Park Ju Hyun.', 1, 'Kscoop', '2021-03-11 05:23:00', 2, 0, 0, 1, 0, 0, 0, 0, 1, 1);
INSERT INTO `t_posts` (`id`, `title`, `slug`, `body`, `description`, `seo`, `create_by`, `time_create`, `category`, `ontopnews`, `topseries`, `world`, `featuredpost`, `fpost`, `gallery`, `fcson`, `lifestyle`, `status`) VALUES
(34, 'Jadi Penjahat Misterius, Jung Il Woo Culik Seorang Janda Di Poster \'Bossam: Steal The Fate\'', 'Jadi-Penjahat-Misterius-Jung-Il-Woo-Culik-Seorang-Janda-Di-Poster-Bossam-Steal-The-Fate', '<p><strong>Kscoop</strong>&nbsp;- MBN mulai mempromosikan drama barunya yang berjudul &quot;<strong>Bossam: Steal the Fate</strong>&quot;. Salah satunya adalah dengan merilis poster&nbsp;<strong><a href=\"https://www.wowkeren.com/seleb/jung_il_woo/\">Jung Il Woo</a></strong>&nbsp;serta memberikan sedikit bocoran tentang karakternya.</p>\r\n\r\n<p>Dalam poster tersebut, karakter Jung Il Woo yang bernama Ba Woo terlibat dalam tindakan &quot;bossam&quot;, aksi penculikan janda di tengah malam untuk dinikahkan dengan seorang pria lajang. Mata Ba Woo yang tegas dan intens menunjukkan pesonanya yang liar serta kasar. Dia juga terlihat siap untuk berlari sambil menggendong seorang janda yang terbungkus kain hitam.</p>\r\n\r\n<p>Untuk menyempurnakan karakter Ba Woo, Jung Il Woo disebut melakukan transformasi besar-besaran dengan mengubah penampilannya. Dia rela memanjangkan rambut wajah dan mengikatnya dengan berantakan agar tampak tidak terawat.</p>\r\n\r\n<p>Selain itu, Jung Il Woo juga bekerja keras untuk mengubah nada suaranya sembari melakukan latihan adegan aksi. Berkat upaya tersebut, Jung Il Woo tampak seperti orang yang sangat berbeda di lokasi syuting drama.</p>\r\n\r\n<p>Tim produksi berbagi, &quot;Poster teaser ini menyiratkan nasib Ba Woo melalui &#39;bossam&#39; di Joseon yang merupakan inti dari drama ini. Tolong nantikan cerita seperti apa yang akan ditampilkan oleh Ba Woo, yang sempat berpikir untuk menghubungkan dua orang yang terhalang oleh batasan kehidupan nyata sebagai pekerjaan belaka, akan terhubung dengan Soo Kyung (<strong><a href=\"https://www.wowkeren.com/seleb/kwon_yuri/\">Kwon Yuri</a></strong>&nbsp;<strong><a href=\"https://www.wowkeren.com/seleb/girls_generation/\">Girls&#39; Generation</a></strong>), wanita yang diculik untuk &#39;bossam&#39;.&quot;</p>\r\n\r\n<p>Sementara itu, &quot;Bossam: Steal the Fate&quot; merupakan drama sejarah yang berfokus pada penjahat dengan identitas misterius bernama Ba Woo. Dia digambarkan sebagai pria yang harus menyembunyikan identitasnya dan hidup dalam kemiskinan setelah dijebak atas konspirasi di usia muda.</p>\r\n\r\n<p>Saat tumbuh dewasa, Ba Woo berurusan dengan sejumlah kasus ilegal seperti perjudian, pencurian dan perkelahian. Salah satu tugas utamanya adalah menghubungkan para janda yang tidak ingin menikah lagi dengan suami baru. Namun dia secara tidak sengaja menculik seorang putri raja yang berstatus janda.</p>\r\n', 'Pada Rabu (10/3) Hari Ini, MBN Merilis Poster Jung Il Woo Yang Menjadi Penjahat Misterius Dalam Drama \'Bossam: Steal The Fate\'.', 1, 'Kscoop', '2021-03-11 05:27:00', 2, 0, 0, 1, 0, 0, 0, 0, 0, 1),
(35, 'Han Ye Ri Sadari Peran Penting Seorang Ibu Usai Bintangi \'Minari\', Ini Alasannya', 'Han-Ye-Ri-Sadari-Peran-Penting-Seorang-Ibu-Usai-Bintangi-Minari-Ini-Alasannya', '<p><strong>Kscoop</strong>&nbsp;- Baru-baru ini&nbsp;<strong><a href=\"https://www.wowkeren.com/seleb/han_ye_ri/\">Han Ye Ri</a></strong>&nbsp;menjalani pemotretan sekaligus wawancara dengan majalah&nbsp;<em>Elle Korea</em>. Dalam kesempatan itu, aktris 36 tahun ini berbicara tentang film hitnya yang berjudul &quot;<strong><a href=\"https://www.wowkeren.com/film/minari/\">Minari</a></strong>&quot;.</p>\r\n\r\n<p>Film Hollywood yang dirilis pada tahun 2020 ini menuai kesuksesan besar, termasuk kemenangannya dalam ajang Golden Globes 2021 untuk kategori Best Motion Picture - Foreign Language. Soal popularitas &quot;Minari&quot;, Han Ye Ri berkata, &quot;Aku pikir itu akan menjadi proyek yang kusukai. Tapi aku tidak membayangkan itu akan menjadi film yang berhubungan dengan banyak orang.&quot;</p>\r\n\r\n<p>Han Ye Ri kemudian berbagi tentang perasaannya saat pertama kali menerima naskah &quot;Minari&quot; dalam bahasa Inggris. &quot;Ketika aku membacanya, aku tidak bisa merasakan emosi semua karakter dalam film secara mendetail. Namun sepanjang waktu membacanya, aku bertanya-tanya, &#39;Apakah ini sesuatu yang terjadi dalam kehidupan nyata?&#39;&quot; ungkap Han Ye Ri.</p>\r\n\r\n<p>Dia melanjutkan, &quot;Belakangan aku mengetahui bahwa itu adalah kisah yang menyertakan banyak pengalaman sutradara Lee Issac Chung. Aku memutuskan untuk membintangi film setelah berbicara dengan sutradara. Dia juga orang yang sangat hebat dalam kehidupan nyata dan kupikir akan menyenangkan bekerja dengannya.&quot;</p>\r\n\r\n<p>Han Ye Ri juga mengungkapkan emosi hangat yang dirasakannya saat harus berperan sebagai ibu dari dua orang anak. &quot;Di dalam pesawat menuju lokasi syuting, aku tiba-tiba ketakutan dan bertanya, &#39;Kemana aku akan pergi?&#39;&quot; sambungnya.</p>\r\n\r\n<p>&quot;Peranku sebagai Monica dari &#39;Minari&#39; adalah sebagai ibu dari dua anak. Aku mendapat perasaan hangat saat berakting, kesepian dan kesendirian. Sebagian besar emosi dasar yang dimiliki Monica adalah cinta. Ada hal-hal yang dapat kalian lindungi dalam keluarga dengan tekun dan bertahan dengan cinta. Aku merasa bahwa peran seorang ibu sangat penting dalam sebuah keluarga,&quot; pungkasnya.</p>\r\n\r\n<p>Sementara itu, &quot;Minari&quot; merupakan film yang mengangkat kisah keluarga Korea yang pindah ke Arkansas, Amerika Serikat, untuk mengubah nasib pada tahun 1980-an. Namun hidup sebagai imigran di Amerika tak semudah yang mereka bayangkan, sebab ada banyak tantangan yang menghadang, seperti perbedaan budaya hingga stereotip masyarakat setempat.</p>\r\n', 'Dalam Sebuah Wawancara, Han Ye Ri Membahas Tentang Perannya Sebagai Ibu Dari Dua Anak Dalam Film \'Minari\'.', 1, 'Kscoop', '2021-03-11 05:34:00', 4, 1, 0, 1, 0, 0, 0, 1, 0, 1),
(36, 'Adegan Merokok Para Idol Di Sejumlah Film Jadi Perbincangan, Akting Minho SHINee Paling Disorot', 'Adegan-Merokok-Para-Idol-Di-Sejumlah-Film-Jadi-Perbincangan-Akting-Minho-SHINee-Paling-Disorot', '<p><strong>Kscoop</strong>&nbsp;- Baru-baru ini sebuah&nbsp;<a href=\"https://theqoo.net/index.php?%20mid=hot&amp;filter_mode=normal&amp;document_srl=1874994330\">postingan</a>&nbsp;di situs&nbsp;<em>Theqoo</em>&nbsp;menyoroti adegan merokok dari sejumlah idol papan atas. Netizen berpendapat bahwa para idol ini tak hanya berbakat dalam bidang menyanyi dan menari, namun juga andal saat berakting, khususnya ketika merekam adegan merokok.</p>\r\n\r\n<p>Idol pertama yang disorot adalah&nbsp;<strong><a href=\"https://www.wowkeren.com/seleb/d_o_/\">D.O.</a></strong>&nbsp;<strong><a href=\"https://www.wowkeren.com/seleb/exo/\">EXO</a></strong>&nbsp;saat membintangi film &quot;<strong>Room No.7</strong>&quot;. Berperan sebagai anak nakal bernama Tae Jung, D.O diharuskan untuk merokok demi menyempurnakan karakternya.</p>\r\n\r\n<p>Kedua ada&nbsp;<strong><a href=\"https://www.wowkeren.com/seleb/iu/\">IU</a></strong>&nbsp;yang memiliki adegan merokok di film &quot;<strong>Persona</strong>&quot;, sebuah film dengan empat plot berbeda. Di salah satu bagian, IU harus berperan sebagai gadis SMA yang diam-diam berbagi rokok dengan temannya.</p>\r\n\r\n<p>Idol berikutnya yang juga menjadi sorotan adalah&nbsp;<strong><a href=\"https://www.wowkeren.com/seleb/minho/\">Minho</a></strong>&nbsp;<strong><a href=\"https://www.wowkeren.com/seleb/shinee/\">SHINee</a></strong>&nbsp;saat berakting di film &quot;<strong><a href=\"https://www.wowkeren.com/film/derailed/\">Derailed</a></strong>&quot;. Ia berperan sebagai Jin Il, remaja pelarian yang tinggal bersama remaja pelarian lainnya seperti sebuah keluarga. Ketika mencoba menipu seorang pria paruh baya, salah satu dari mereka akhirnya diculik.</p>\r\n\r\n<p><strong><a href=\"https://www.wowkeren.com/seleb/suzy/\">Suzy</a></strong>&nbsp;menjadi idol selanjutnya yang disorot karena pernah memiliki adegan merokok di film &quot;<strong>Real</strong>&quot;. Meski hanya muncul sebagai cameo selama beberapa detik, Suzy meninggalkan kesan kuat karena terlihat sedang merokok dan tubuhnya dipenuhi dengan tato.</p>\r\n\r\n<p>Usai membaca postingan tersebut, sejumlah netizen mulai memberikan komentar. Banyak dari mereka yang memuji ekspresi serta akting para idol, terutama Minho SHINee. Simak beberapa komentar netizen berikut ini.</p>\r\n\r\n<p>&quot;Minho adalah yang paling tidak canggung dan terlihat paling natural kekeke,&quot; tulis seorang netter. &quot;Minho mengatakan bahwa dia berhenti merokok setelah syuting. Itu luar biasa. Perokok di sekitarku tak pernah bisa berhenti merokok,&quot; imbuh netter yang lain. &quot;Minho pandai berakting,&quot; timpal yang lain.</p>\r\n\r\n<p>&quot;GIF Minho, kenapa hatiku berdebar-debar? kekeke,&quot; ujar netter yang lain. &quot;Aku tidak tahu dari siapa Minho belajar, tapi dia melakukannya dengan baik,&quot; sambung yang lain. &quot;Wow, Suzy terlihat sangat keren,&quot; kata yang lain. &quot;Suzy luar biasa, apa perannya di film itu?&quot; sahut yang lain.</p>\r\n\r\n<p>&quot;Tidak, tapi IU terlihat imut dalam adegan merokok itu,&quot; tambah netter yang lain. &quot;Aku rasa semua orang tidak pernah merokok kecuali D.O.,&quot; timpal yang lain. &quot;Tapi aku penasaran apakah mereka benar-benar merokok saat bertingkah seperti ini??&quot; pungkas netter lainnya.</p>\r\n', 'Netizen Korea Membicarakan Sejumlah Adegan Merokok Dari Idol Papan Atas, Seperti Minho SHINee, Suzy, IU Hingga D.O. EXO.', 1, 'Kscoop', '2021-03-11 05:37:00', 4, 1, 0, 1, 1, 1, 1, 0, 1, 1),
(37, 'Lee Dong Wook Curhat Kesulitan Syuting \'Single In Seoul\' Gara-Gara COVID-19', 'Lee-Dong-Wook-Curhat-Kesulitan-Syuting-Single-In-Seoul-Gara-Gara-COVID-19', '<p><strong>Kscoop</strong>&nbsp;-&nbsp;<strong><a href=\"https://www.wowkeren.com/seleb/lee_dong_wook/\">Lee Dong-wook</a></strong>&nbsp;telah merampungkan proses syuting film terbarunya &quot;<strong>Single in Seoul</strong>&quot;. Aktor kelahiran tahun 1981 itu langsung menjalani sesi wawancara dan pemotretan dengan majalah Arena.</p>\r\n\r\n<p>Dalam wawancaranya, Lee Dong Wook berbicara tentang kesulitan tak terduga yang ia alami saat syuting &quot;Single in Seoul&quot; selama pandemi COVID-19. &quot;Kupikir kami harus menjadi kurang transparan tentang jadwal syuting,&quot; ujar Lee Dong Wook.</p>\r\n\r\n<p>&quot;Juga menjadi lebih sulit untuk mencari lokasi untuk pembuatan film. Dulu, kami mendapat izin atau sponsor dari lembaga publik dan ruang publik, tetapi ruang tersebut ditutup karena pandemi,&quot; imbuh Lee Dong Wook.</p>\r\n\r\n<p>&quot;Misalnya, lokasi pembuatan film kita berikutnya adalah kompleks apartemen. Dulu, akan mudah mendapatkan izin untuk syuting di sana, tapi sekarang warga menentang banyak orang yang masuk,&quot; tambah Lee Dong Wook.</p>\r\n\r\n<p>&quot;&#39;Single in Seoul&#39; seharusnya mengakhiri syuting seminggu yang lalu, tetapi ditolak karena masalah lokasi. Ini merupakan masalah tidak hanya di tempat-tempat yang mudah dibuat di masa lalu, seperti Namsan dan Sungai Han, tetapi juga di kantor polisi, pengadilan hukum, dan bandara. Menemukan lokasi secara umum telah menjadi pekerjaannya sendiri,&quot; sambung Lee Dong Wook.</p>\r\n\r\n<p>Lee Dong Wook juga mengungkap terkait penggunaan masker di tengah pandemi COVID-19. &quot;Saat bekerja, kita harus melepas masker, tapi kita memakai masker saat menata rambut dan riasan,&quot; tutur Lee Dong Wook.</p>\r\n\r\n<p>&quot;Kami harus memakainya bahkan saat pergi ke kamar mandi di lokasi syuting. Bahkan dalam wawancara, kami memakai masker. Kecuali saat-saat ketika kami benar-benar berada di depan kamera, kami selalu memakai masker,&quot; pungkas Lee Dong Wook.</p>\r\n\r\n<p>Sementara itu, &quot;Single in Seoul&quot; sendiri merupakan film komedi romantis di mana Lee Dong Wook akan beradu akting dengan&nbsp;<strong><a href=\"https://www.wowkeren.com/seleb/lim_soo_jung/\">Lim Soo Jung</a></strong>&nbsp;dan&nbsp;<strong>Esom</strong>. Aktor ganteng itu menggambarkan film tersebut sebagai &quot;film komedi romantis yang dapat dinikmati banyak orang bersama-sama&quot;.</p>\r\n', 'Dalam \'Single In Seoul\', Lee Dong Wook Beradu Akting Dengan Lim Soo Jung Dan Esom.', 1, 'Kscoop', '2021-03-11 05:38:00', 4, 0, 1, 1, 0, 0, 0, 0, 0, 1),
(38, 'Han Ye Ri Akui Tak Bisa Merasakan Kesuksesan \'Minari\' Seutuhnya, Kenapa?', 'Han-Ye-Ri-Akui-Tak-Bisa-Merasakan-Kesuksesan-Minari-Seutuhnya-Kenapa', '<p><strong>Kscoop</strong>&nbsp;- Saat menghadiri konferensi pers &quot;<strong><a href=\"https://www.wowkeren.com/film/minari/\">Minari</a></strong>&quot; belum lama ini,&nbsp;<strong><a href=\"https://www.wowkeren.com/seleb/han_ye_ri/\">Han Ye Ri</a></strong>&nbsp;mengungkap arti spesial dari film tersebut. Hal ini terutama karena ia telah merekam dan menunggu perilisannya untuk waktu yang lama.</p>\r\n\r\n<p>Han Ye Ri berkata, &quot;Sudah hampir tiga tahun sejak aku syuting dan merilisnya. Tunggu sebentar, ini bukan peran kecil. Aku menunggu lama untuk dirilisnya film ini.&quot;</p>\r\n\r\n<p>Ia menuturkan bahwa film ini memberikan banyak kenangan indah dan berharga yang sulit untuk dilupakan. &quot;Ini adalah film yang spesial untukku secara pribadi. Saat itu, ada banyak kenangan yang indah dan berharga. Sepertinya aku masih memegang lukisanku,&quot; imbuhnya.</p>\r\n\r\n<p>Aktris 36 tahun ini juga berharap agar film &quot;Minari&quot; dapat memberikan kekuatan untuk orang-orang di masa sulit pandemi virus Corona. &quot;Aku pikir ada banyak orang yang sangat lelah saat ini. Tapi kuharap film ini bisa menjadi momen penyembuhan dan energi,&quot; paparnya.</p>\r\n\r\n<p>Terakhir, Han Ye Ri mengungkapkan penyesalannya karena belum bisa bertemu penonton secara langsung untuk membicarakan &quot;Minari&quot;. Karena itulah ia belum sepenuhnya merasakan kesuksesan film ini.</p>\r\n\r\n<p>&quot;Ada banyak orang yang menyemangatiku dan menceritakan hal baik. Tapi aku belum memiliki kesempatan untuk bertemu dengan penonton, jadi aku tidak bisa merasakannya. Aku merasa sedih, tapi bahkan sekarang, aku senang memiliki kesempatan berharga ini,&quot; pungkasnya.</p>\r\n\r\n<p>Sementara itu, &quot;Minari&quot; merupakan film yang mengangkat kisah keluarga Korea yang pindah ke Arkansas, Amerika Serikat, untuk mengubah nasib pada tahun 1980-an. Namun hidup sebagai imigran di Amerika tak semudah yang mereka bayangkan, sebab ada banyak tantangan yang menghadang, seperti perbedaan budaya hingga stereotip masyarakat setempat.</p>\r\n\r\n<p>Film ini sendiri berhasil meraih penghargaan Best Motion Picture - Foreign Language dalam ajang Golden Globes 2021 yang digelar pada Minggu (28/2) waktu setempat atau Senin (1/3) pagi waktu Indonesia. &quot;Minari&quot; berhasil mengalahkan sederet film berbahasa Asing populer lainnya seperti &quot;<strong><a href=\"https://www.wowkeren.com/film/another_round/\">Another Round</a></strong>&quot; (Denmark), &quot;<strong>La Llorona</strong>&quot; (Guatemala/Perancis), &quot;<strong><a href=\"https://www.wowkeren.com/film/life_ahead_the/\">The Life Ahead</a></strong>&quot; (Italia), hingga &quot;<strong>Two of Us</strong>&quot; (Perancis/Amerika Serikat).</p>\r\n', 'Dalam Sebuah Konferensi Pers Belum Lama Ini, Han Ye Ri Membicarakan Tentang Film \'Minari\' Yang Dibintanginya.', 1, 'Kscoop', '2021-03-11 05:40:00', 4, 0, 0, 1, 0, 0, 0, 1, 0, 1),
(39, 'Golden Globes 2021: \'Minari\' Raih Penghargaan Best Motion Picture - Foreign Language', 'Golden-Globes-2021-Minari-Raih-Penghargaan-Best-Motion-Picture-Foreign-Language', '<p><strong>Kscoop</strong>&nbsp;- Golden Globes 2021 akhirnya digelar pada Minggu (28/2) pada waktu setempat atau Senin (1/3) pagi waktu Indonesia. Ajang penghargaan bergengsi ini digelar secara virtual karena pandemi COVID-19 masih berlangsung.</p>\r\n\r\n<p>Film &quot;<strong><a href=\"https://www.wowkeren.com/film/minari/\">Minari</a></strong>&quot; berhasil meraih penghargaan Best Motion Picture - Foreign Language. Film yang dibintangi oleh&nbsp;<strong>Yoon Yeo Jung</strong>&nbsp;cs ini terdaftar dari Amerika Serikat, namun dinominasikan dalam kategori Bahasa Asing karena sebagian besar dialognya dalam bahasa Korea.</p>\r\n\r\n<p>&quot;Minari&quot; berhasil mengalahkan sederet film berbahasa Asing populer lainnya seperti &quot;<strong><a href=\"https://www.wowkeren.com/film/another_round/\">Another Round</a></strong>&quot; (Denmark), &quot;<strong>La Llorona</strong>&quot; (Guatemala/Perancis), &quot;<strong><a href=\"https://www.wowkeren.com/film/life_ahead_the/\">The Life Ahead</a></strong>&quot; (Italia), hingga &quot;<strong>Two of Us</strong>&quot; (Perancis/Amerika Serikat).</p>\r\n\r\n<p>Film &quot;Minari&quot; disutradarai oleh Lee Isaac Chung dan dibintangi oleh&nbsp;<strong><a href=\"https://www.wowkeren.com/seleb/steven_yeun/\">Steven Yeun</a></strong>,&nbsp;<strong><a href=\"https://www.wowkeren.com/seleb/han_ye_ri/\">Han Ye Ri</a></strong>,&nbsp;<strong>Alan Kim</strong>,&nbsp;<strong>Noel Kate Cho</strong>, Youn Yuh Jung, dan&nbsp;<strong>Will Patton</strong>. Film ini didasarkan pengalaman sutradara di kehidupan nyata. &quot;Minari&quot; bercerita tentang keluarga imigran Korea Selatan yang mencoba menjalani kehidupan baru di pedesaan Amerika selama tahun 1980-an.</p>\r\n\r\n<p>Sebelum diumumkan sebagai pemenang, ada kontroversi mengenai keputusan untuk menempatkan &quot;Minari&quot; dalam kategori Bahasa Asing daripada dalam kategori Drama. Pasalnya film ini diproduksi dan dibiayai oleh perusahaan dan sutradara Amerika serta sebagian besar pemain dan kru, kecuali Han Ye Ri dan Youn Yuh Jung, semuanya adalah orang Amerika.</p>\r\n\r\n<p>Selain Golden Globes 2021, &quot;Minari&quot; juga dinominasikan dalam Critics Choice Association untuk kategori Best Picture, Best Actor, Best Supporting Actress, Best Young Actor/Actress, Best Acting Ensemble, Best Director, Best Original Screenplay, Best Cinematography, Best Foreign Language Film hingga Best Score.</p>\r\n\r\n<p>&quot;Minari&quot; juga masuk dalam tiga nominasi di penghargaan Screen Actor Guild (SAG) ke-27. Sejak &quot;Minari&quot; dinominasikan dalam 10 kategori untuk Penghargaan Pilihan Kritikus, para kritikus melihat hal ini berdampak positif pada pencalonan mereka untuk Academy Awards.</p>\r\n', '\'Minari\' Merupakan Film Amerika-Korea Yang Bercerita Tentang Keluarga Imigran Korea Selatan Yang Mencoba Menjalani Kehidupan Baru', 1, 'Kscoop', '2021-03-11 05:41:00', 4, 1, 0, 1, 0, 0, 0, 1, 0, 1);

-- --------------------------------------------------------

--
-- Table structure for table `t_seo`
--

CREATE TABLE `t_seo` (
  `id` int(5) NOT NULL,
  `idpost` int(5) NOT NULL,
  `keyword` varchar(200) NOT NULL
) ENGINE=InnoDB DEFAULT CHARSET=latin1;

--
-- Dumping data for table `t_seo`
--

INSERT INTO `t_seo` (`id`, `idpost`, `keyword`) VALUES
(10, 10, 'IzONE,news,kscoop'),
(11, 11, 'IzONE,news,kscoop'),
(12, 12, 'IzONE,news,kscoop'),
(13, 13, 'ITZY,news,kscoop'),
(14, 14, 'CHIIPER,news,kscoop'),
(20, 20, 'suga,kscoop,bts'),
(21, 21, 'soojin,korea,kscoop'),
(22, 22, 'rain,kscoop,korea'),
(23, 23, 'son,korea,kscoop'),
(24, 24, 'bts,kscoop,korea'),
(25, 25, 'kakao,korea,kscoop'),
(26, 26, 'wayv,kscoop,korea'),
(27, 27, 'IzONE,music,kscoop'),
(28, 28, 'baek-yerin,kscoop,music'),
(29, 29, 'bts,kscoop,music'),
(30, 30, 'kscoop,drama,sisyphus'),
(31, 31, 'drama,kscoop,korea'),
(32, 32, 'drama,kscoop,korea'),
(33, 33, 'drama,kscoop,korea'),
(34, 34, 'drama,kscoop,korea'),
(35, 35, 'film,kscoop,korea'),
(36, 36, 'film,kscoop,korea'),
(37, 37, 'film,kscoop,korea'),
(38, 38, 'film,kscoop,korea'),
(39, 39, 'film,kscoop,korea');

-- --------------------------------------------------------

--
-- Table structure for table `t_stories`
--

CREATE TABLE `t_stories` (
  `id` int(2) NOT NULL,
  `idpost` int(5) DEFAULT NULL
) ENGINE=InnoDB DEFAULT CHARSET=latin1;

-- --------------------------------------------------------

--
-- Table structure for table `t_users`
--

CREATE TABLE `t_users` (
  `id` int(11) NOT NULL,
  `fullname` varchar(100) NOT NULL,
  `username` varchar(100) NOT NULL,
  `email` varchar(100) NOT NULL,
  `password` varchar(100) NOT NULL,
  `role` int(1) NOT NULL COMMENT '1 admin, 2 user biasa',
  `last_login` datetime DEFAULT NULL,
  `status` int(1) DEFAULT '1'
) ENGINE=InnoDB DEFAULT CHARSET=latin1;

--
-- Dumping data for table `t_users`
--

INSERT INTO `t_users` (`id`, `fullname`, `username`, `email`, `password`, `role`, `last_login`, `status`) VALUES
(1, 'Admin Nextcms', 'admin', 'admincms@mail.com', '$2y$10$9HLIdiZU5EA/dhdBC7h/veMGUBJ4mh9ZmTRaQnV8cmuiV0mmoImia', 1, '0000-00-00 00:00:00', 1),
(9, 'Fredy Numberi', 'fredy', 'fred@gmail.com', '$2y$10$f4GRg47HqUC7e6IrHFMBpuekXWhkce2T6jV4Lvpht00qAMPlEZOa6', 2, NULL, 1),
(10, 'Sandi Kurnia', 'sandi', 'sandi@mail.com', '$2y$10$s5RaeocKZQGQwjEdrzG.DOee3hCrjgXMHKRPfuxQkMxnaxG9kKt72', 2, NULL, 1),
(11, 'Kscoop', 'kscoop', 'kscoop@mail.com', '$2y$10$jKOdwgdw9WJg/xf.hNG3uOybzmGD.WG3egpP24lqi2xZuskFPW4XS', 2, NULL, 1);

--
-- Indexes for dumped tables
--

--
-- Indexes for table `t_category`
--
ALTER TABLE `t_category`
  ADD PRIMARY KEY (`id`);

--
-- Indexes for table `t_image`
--
ALTER TABLE `t_image`
  ADD PRIMARY KEY (`id`),
  ADD KEY `postid` (`postid`);

--
-- Indexes for table `t_posts`
--
ALTER TABLE `t_posts`
  ADD PRIMARY KEY (`id`),
  ADD KEY `category` (`category`);

--
-- Indexes for table `t_seo`
--
ALTER TABLE `t_seo`
  ADD PRIMARY KEY (`id`),
  ADD KEY `idpost` (`idpost`);

--
-- Indexes for table `t_stories`
--
ALTER TABLE `t_stories`
  ADD PRIMARY KEY (`id`),
  ADD KEY `idpost` (`idpost`);

--
-- Indexes for table `t_users`
--
ALTER TABLE `t_users`
  ADD PRIMARY KEY (`id`);

--
-- AUTO_INCREMENT for dumped tables
--

--
-- AUTO_INCREMENT for table `t_category`
--
ALTER TABLE `t_category`
  MODIFY `id` int(7) NOT NULL AUTO_INCREMENT, AUTO_INCREMENT=6;

--
-- AUTO_INCREMENT for table `t_image`
--
ALTER TABLE `t_image`
  MODIFY `id` int(1) NOT NULL AUTO_INCREMENT, AUTO_INCREMENT=40;

--
-- AUTO_INCREMENT for table `t_posts`
--
ALTER TABLE `t_posts`
  MODIFY `id` int(5) NOT NULL AUTO_INCREMENT, AUTO_INCREMENT=40;

--
-- AUTO_INCREMENT for table `t_seo`
--
ALTER TABLE `t_seo`
  MODIFY `id` int(5) NOT NULL AUTO_INCREMENT, AUTO_INCREMENT=40;

--
-- AUTO_INCREMENT for table `t_stories`
--
ALTER TABLE `t_stories`
  MODIFY `id` int(2) NOT NULL AUTO_INCREMENT;

--
-- AUTO_INCREMENT for table `t_users`
--
ALTER TABLE `t_users`
  MODIFY `id` int(11) NOT NULL AUTO_INCREMENT, AUTO_INCREMENT=12;

--
-- Constraints for dumped tables
--

--
-- Constraints for table `t_image`
--
ALTER TABLE `t_image`
  ADD CONSTRAINT `t_image_ibfk_1` FOREIGN KEY (`postid`) REFERENCES `t_posts` (`id`) ON DELETE CASCADE ON UPDATE CASCADE;

--
-- Constraints for table `t_posts`
--
ALTER TABLE `t_posts`
  ADD CONSTRAINT `t_posts_ibfk_1` FOREIGN KEY (`category`) REFERENCES `t_category` (`id`) ON DELETE NO ACTION ON UPDATE NO ACTION;

--
-- Constraints for table `t_seo`
--
ALTER TABLE `t_seo`
  ADD CONSTRAINT `t_seo_ibfk_1` FOREIGN KEY (`idpost`) REFERENCES `t_posts` (`id`) ON DELETE CASCADE ON UPDATE CASCADE;

--
-- Constraints for table `t_stories`
--
ALTER TABLE `t_stories`
  ADD CONSTRAINT `t_stories_ibfk_1` FOREIGN KEY (`idpost`) REFERENCES `t_posts` (`id`) ON DELETE CASCADE ON UPDATE CASCADE;
COMMIT;

/*!40101 SET CHARACTER_SET_CLIENT=@OLD_CHARACTER_SET_CLIENT */;
/*!40101 SET CHARACTER_SET_RESULTS=@OLD_CHARACTER_SET_RESULTS */;
/*!40101 SET COLLATION_CONNECTION=@OLD_COLLATION_CONNECTION */;
